<?xml version="1.0" encoding="UTF-8"?>
<components xmlns="http://jboss.com/products/seam/components"
            xmlns:core="http://jboss.com/products/seam/core"
            xmlns:persistence="http://jboss.com/products/seam/persistence"
            xmlns:security="http://jboss.com/products/seam/security"
            xmlns:drools="http://jboss.com/products/seam/drools"
            xmlns:web="http://jboss.com/products/seam/web"
            xmlns:xsi="http://www.w3.org/2001/XMLSchema-instance"
            xsi:schemaLocation=
                "http://jboss.com/products/seam/core http://jboss.com/products/seam/core-2.0.xsd
                 http://jboss.com/products/seam/persistence http://jboss.com/products/seam/persistence-2.0.xsd 
                 http://jboss.com/products/seam/components http://jboss.com/products/seam/components-2.0.xsd
                 http://jboss.com/products/seam/security http://jboss.com/products/seam/security-2.0.xsd
                 http://jboss.com/products/seam/web http://jboss.com/products/seam/web-2.0.xsd
                 http://jboss.com/products/seam/drools http://jboss.com/products/seam/drools-2.0.xsd">

    <core:init jndi-pattern="@jndiPattern@" debug="true"/>
 
    <core:manager conversation-timeout="120000" 
                  concurrent-request-timeout="500"
                  conversation-id-parameter="cid"/>
    
    <security:identity authenticate-method="#{authenticator.authenticate}"/>
    
    <persistence:managed-persistence-context name="entityManager" auto-create="true"
                persistence-unit-jndi-name="java:/seambayEntityManagerFactory"/>
    
    <event type="org.jboss.seam.notLoggedIn">
        <action expression="#{redirect.captureCurrentView}"/>
    </event>
    
    <event type="org.jboss.seam.postAuthenticate">
        <action expression="#{redirect.returnToCapturedView}"/>
    </event>    
            
</components>
