<?xml version="1.0" encoding="UTF-8"?>
<components xmlns="http://jboss.com/products/seam/components"
            xmlns:core="http://jboss.com/products/seam/core"
            xmlns:fwk="http://jboss.com/products/seam/framework"
            xmlns:persistence="http://jboss.com/products/seam/persistence"
            xmlns:xsi="http://www.w3.org/2001/XMLSchema-instance"
            xsi:schemaLocation=
              "http://jboss.com/products/seam/core 
               http://jboss.com/products/seam/core-2.0.xsd
               http://jboss.com/products/seam/framework 
               http://jboss.com/products/seam/framework-2.0.xsd
               http://jboss.com/products/seam/persistence 
               http://jboss.com/products/seam/persistence-2.0.xsd
               http://jboss.com/products/seam/components 
               http://jboss.com/products/seam/components-2.0.xsd">

  <core:init 
    jndi-pattern="crud/#{ejbName}/local" 
    debug="true"/>

  <core:manager conversation-timeout="120000"/>
  
  <persistence:managed-persistence-context auto-create="true" name="em">
    <persistence:persistence-unit-jndi-name>java:/crudEntityManagerFactory</persistence:persistence-unit-jndi-name>
  </persistence:managed-persistence-context>

  <factory name="person" value="#{personDao.instance}"/>
  <fwk:entity-home name="personDao" 
                   entity-class="Person"
                   entity-manager="#{em}"/>
  
  <fwk:entity-query name="fans"
                    entity-manager="#{em}"
                    ejbql="select p from Person p"/>

</components>
