<?xml version='1.0' encoding='UTF-8'?>
<!DOCTYPE faces-config PUBLIC
          "-//Sun Microsystems, Inc.//DTD JavaServer Faces Config 1.1//EN"
          "http://java.sun.com/dtd/web-facesconfig_1_1.dtd">
<faces-config>

    <application>
        <view-handler>com.icesoft.faces.facelets.D2DSeamFaceletViewHandler</view-handler>
    </application>

    <managed-bean>
        <managed-bean-name>highlight</managed-bean-name>
        <managed-bean-class>com.icesoft.faces.context.effects.Highlight</managed-bean-class>
        <managed-bean-scope>application</managed-bean-scope>
    </managed-bean>

    <!--
    <lifecycle>
        <phase-listener>org.jboss.seam.jsf.SeamPhaseListener</phase-listener>
    </lifecycle>
    -->

</faces-config>
