<?xml version="1.0" encoding="UTF-8"?>
<!DOCTYPE faces-config 
    PUBLIC "-//Sun Microsystems, Inc.//DTD JavaServer Faces Config 1.0//EN"
    "http://java.sun.com/dtd/web-facesconfig_1_0.dtd">
    
<faces-config>

  <navigation-rule>
    <navigation-case>
      <from-outcome>hello</from-outcome>
      <to-view-id>/hello.xhtml</to-view-id>
      <redirect />
    </navigation-case>
  </navigation-rule>

  <navigation-rule>
    <navigation-case>
      <from-outcome>fans</from-outcome>
      <to-view-id>/fans.xhtml</to-view-id>
      <redirect />
    </navigation-case>
  </navigation-rule>

</faces-config>
