<?xml version="1.0" encoding="UTF-8"?>
<con:soapui-project name="test" soapui-version="1.7.1" xmlns:con="http://eviware.com/soapui/config"><con:settings><con:setting id="ProjectSettings@projectRoot">/Users/juntao</con:setting></con:settings><con:interface name="AuctionServiceBinding" bindingName="{http://seambay.example.seam.jboss.org/}AuctionServiceBinding" soapVersion="1_1" definition="http://localhost:8080/AuctionServiceService/AuctionService?wsdl"><con:settings/><con:endpoints><con:endpoint>http://127.0.0.1:8080/AuctionServiceService/AuctionService</con:endpoint></con:endpoints><con:operation action="" name="confirmAuction" bindingOperationName="confirmAuction" inputName="" isOneWay="false" receivesAttachments="false" sendsAttachments="false"><con:settings/><con:call name="Request 1"><con:settings/><con:encoding>UTF-8</con:encoding><con:endpoint>http://127.0.0.1:8080/AuctionServiceService/AuctionService</con:endpoint><con:request><![CDATA[<soapenv:Envelope xmlns:soapenv="http://schemas.xmlsoap.org/soap/envelope/" xmlns:seam="http://seambay.example.seam.jboss.org/">
   <soapenv:Header/>
   <soapenv:Body>
      <seam:confirmAuction/>
   </soapenv:Body>
</soapenv:Envelope>]]></con:request></con:call></con:operation><con:operation action="" name="createAuction" bindingOperationName="createAuction" inputName="" isOneWay="false" receivesAttachments="false" sendsAttachments="false"><con:settings/><con:call name="Request 1"><con:settings/><con:encoding>UTF-8</con:encoding><con:endpoint>http://127.0.0.1:8080/AuctionServiceService/AuctionService</con:endpoint><con:request><![CDATA[<soapenv:Envelope xmlns:soapenv="http://schemas.xmlsoap.org/soap/envelope/" xmlns:seam="http://seambay.example.seam.jboss.org/">
   <soapenv:Header/>
   <soapenv:Body>
      <seam:createAuction>
         <!--Optional:-->
         <arg0>?</arg0>
         <!--Optional:-->
         <arg1>?</arg1>
         <arg2>?</arg2>
      </seam:createAuction>
   </soapenv:Body>
</soapenv:Envelope>]]></con:request></con:call></con:operation><con:operation action="" name="findAuctions" bindingOperationName="findAuctions" inputName="" isOneWay="false" receivesAttachments="false" sendsAttachments="false"><con:settings/><con:call name="Request 1"><con:settings/><con:encoding>UTF-8</con:encoding><con:endpoint>http://127.0.0.1:8080/AuctionServiceService/AuctionService</con:endpoint><con:request><![CDATA[<soapenv:Envelope xmlns:soapenv="http://schemas.xmlsoap.org/soap/envelope/" xmlns:seam="http://seambay.example.seam.jboss.org/">
   <soapenv:Header/>
   <soapenv:Body>
      <seam:findAuctions>
         <!--Optional:-->
         <arg0>?</arg0>
      </seam:findAuctions>
   </soapenv:Body>
</soapenv:Envelope>]]></con:request></con:call></con:operation><con:operation action="" name="getNewAuctionDetails" bindingOperationName="getNewAuctionDetails" inputName="" isOneWay="false" receivesAttachments="false" sendsAttachments="false"><con:settings/><con:call name="Request 1"><con:settings/><con:encoding>UTF-8</con:encoding><con:endpoint>http://127.0.0.1:8080/AuctionServiceService/AuctionService</con:endpoint><con:request><![CDATA[<soapenv:Envelope xmlns:soapenv="http://schemas.xmlsoap.org/soap/envelope/" xmlns:seam="http://seambay.example.seam.jboss.org/">
   <soapenv:Header/>
   <soapenv:Body>
      <seam:getNewAuctionDetails/>
   </soapenv:Body>
</soapenv:Envelope>]]></con:request></con:call></con:operation><con:operation action="" name="listCategories" bindingOperationName="listCategories" inputName="" isOneWay="false" receivesAttachments="false" sendsAttachments="false"><con:settings/><con:call name="Request 1"><con:settings/><con:encoding>UTF-8</con:encoding><con:endpoint>http://127.0.0.1:8080/AuctionServiceService/AuctionService</con:endpoint><con:request><![CDATA[<soapenv:Envelope xmlns:soapenv="http://schemas.xmlsoap.org/soap/envelope/" xmlns:seam="http://seambay.example.seam.jboss.org/">
   <soapenv:Header/>
   <soapenv:Body>
      <seam:listCategories/>
   </soapenv:Body>
</soapenv:Envelope>]]></con:request></con:call></con:operation><con:operation action="" name="login" bindingOperationName="login" inputName="" isOneWay="false" receivesAttachments="false" sendsAttachments="false"><con:settings/><con:call name="Request 1"><con:settings/><con:encoding>UTF-8</con:encoding><con:endpoint>http://127.0.0.1:8080/AuctionServiceService/AuctionService</con:endpoint><con:request><![CDATA[<soapenv:Envelope xmlns:soapenv="http://schemas.xmlsoap.org/soap/envelope/" xmlns:seam="http://seambay.example.seam.jboss.org/">
   <soapenv:Header/>
   <soapenv:Body>
      <seam:login>
         <!--Optional:-->
         <arg0>?</arg0>
         <!--Optional:-->
         <arg1>?</arg1>
      </seam:login>
   </soapenv:Body>
</soapenv:Envelope>]]></con:request></con:call></con:operation><con:operation action="" name="logout" bindingOperationName="logout" inputName="" isOneWay="false" receivesAttachments="false" sendsAttachments="false"><con:settings/><con:call name="Request 1"><con:settings/><con:encoding>UTF-8</con:encoding><con:endpoint>http://127.0.0.1:8080/AuctionServiceService/AuctionService</con:endpoint><con:request><![CDATA[<soapenv:Envelope xmlns:soapenv="http://schemas.xmlsoap.org/soap/envelope/" xmlns:seam="http://seambay.example.seam.jboss.org/">
   <soapenv:Header/>
   <soapenv:Body>
      <seam:logout/>
   </soapenv:Body>
</soapenv:Envelope>]]></con:request></con:call></con:operation><con:operation action="" name="setAuctionDuration" bindingOperationName="setAuctionDuration" inputName="" isOneWay="false" receivesAttachments="false" sendsAttachments="false"><con:settings/><con:call name="Request 1"><con:settings/><con:encoding>UTF-8</con:encoding><con:endpoint>http://127.0.0.1:8080/AuctionServiceService/AuctionService</con:endpoint><con:request><![CDATA[<soapenv:Envelope xmlns:soapenv="http://schemas.xmlsoap.org/soap/envelope/" xmlns:seam="http://seambay.example.seam.jboss.org/">
   <soapenv:Header/>
   <soapenv:Body>
      <seam:setAuctionDuration>
         <arg0>?</arg0>
      </seam:setAuctionDuration>
   </soapenv:Body>
</soapenv:Envelope>]]></con:request></con:call></con:operation><con:operation action="" name="setAuctionPrice" bindingOperationName="setAuctionPrice" inputName="" isOneWay="false" receivesAttachments="false" sendsAttachments="false"><con:settings/><con:call name="Request 1"><con:settings/><con:encoding>UTF-8</con:encoding><con:endpoint>http://127.0.0.1:8080/AuctionServiceService/AuctionService</con:endpoint><con:request><![CDATA[<soapenv:Envelope xmlns:soapenv="http://schemas.xmlsoap.org/soap/envelope/" xmlns:seam="http://seambay.example.seam.jboss.org/">
   <soapenv:Header/>
   <soapenv:Body>
      <seam:setAuctionPrice>
         <arg0>10</arg0>
      </seam:setAuctionPrice>
   </soapenv:Body>
</soapenv:Envelope>]]></con:request></con:call></con:operation><con:operation action="" name="updateAuctionDetails" bindingOperationName="updateAuctionDetails" inputName="" isOneWay="false" receivesAttachments="false" sendsAttachments="false"><con:settings/><con:call name="Request 1"><con:settings/><con:encoding>UTF-8</con:encoding><con:endpoint>http://127.0.0.1:8080/AuctionServiceService/AuctionService</con:endpoint><con:request><![CDATA[<soapenv:Envelope xmlns:soapenv="http://schemas.xmlsoap.org/soap/envelope/" xmlns:seam="http://seambay.example.seam.jboss.org/">
   <soapenv:Header/>
   <soapenv:Body>
      <seam:updateAuctionDetails>
         <!--Optional:-->
         <arg0>?</arg0>
         <!--Optional:-->
         <arg1>?</arg1>
         <arg2>?</arg2>
      </seam:updateAuctionDetails>
   </soapenv:Body>
</soapenv:Envelope>]]></con:request></con:call></con:operation><con:definitionCache rootPart="http://localhost:8080/AuctionServiceService/AuctionService?wsdl"><con:part><con:url>http://localhost:8080/AuctionServiceService/AuctionService?wsdl</con:url><con:content><definitions name="AuctionService" targetNamespace="http://seambay.example.seam.jboss.org/" xmlns="http://schemas.xmlsoap.org/wsdl/" xmlns:soap="http://schemas.xmlsoap.org/wsdl/soap/" xmlns:tns="http://seambay.example.seam.jboss.org/" xmlns:xsd="http://www.w3.org/2001/XMLSchema">
 <types>
  <xs:schema targetNamespace="http://seambay.example.seam.jboss.org/" version="1.0" xmlns:xs="http://www.w3.org/2001/XMLSchema">
   <xs:element name="confirmAuction" type="tns:confirmAuction"/>
   <xs:element name="confirmAuctionResponse" type="tns:confirmAuctionResponse"/>
   <xs:element name="createAuction" type="tns:createAuction"/>
   <xs:element name="createAuctionResponse" type="tns:createAuctionResponse"/>
   <xs:element name="findAuctions" type="tns:findAuctions"/>
   <xs:element name="findAuctionsResponse" type="tns:findAuctionsResponse"/>
   <xs:element name="getNewAuctionDetails" type="tns:getNewAuctionDetails"/>
   <xs:element name="getNewAuctionDetailsResponse" type="tns:getNewAuctionDetailsResponse"/>
   <xs:element name="listCategories" type="tns:listCategories"/>
   <xs:element name="listCategoriesResponse" type="tns:listCategoriesResponse"/>
   <xs:element name="login" type="tns:login"/>
   <xs:element name="loginResponse" type="tns:loginResponse"/>
   <xs:element name="logout" type="tns:logout"/>
   <xs:element name="logoutResponse" type="tns:logoutResponse"/>
   <xs:element name="setAuctionDuration" type="tns:setAuctionDuration"/>
   <xs:element name="setAuctionDurationResponse" type="tns:setAuctionDurationResponse"/>
   <xs:element name="setAuctionPrice" type="tns:setAuctionPrice"/>
   <xs:element name="setAuctionPriceResponse" type="tns:setAuctionPriceResponse"/>
   <xs:element name="updateAuctionDetails" type="tns:updateAuctionDetails"/>
   <xs:element name="updateAuctionDetailsResponse" type="tns:updateAuctionDetailsResponse"/>
   <xs:complexType name="login">
    <xs:sequence>
     <xs:element minOccurs="0" name="arg0" type="xs:string"/>
     <xs:element minOccurs="0" name="arg1" type="xs:string"/>
    </xs:sequence>
   </xs:complexType>
   <xs:complexType name="loginResponse">
    <xs:sequence>
     <xs:element name="return" type="xs:boolean"/>
    </xs:sequence>
   </xs:complexType>
   <xs:complexType name="logout"/>
   <xs:complexType name="logoutResponse">
    <xs:sequence>
     <xs:element name="return" type="xs:boolean"/>
    </xs:sequence>
   </xs:complexType>
   <xs:complexType name="listCategories"/>
   <xs:complexType name="listCategoriesResponse">
    <xs:sequence>
     <xs:element maxOccurs="unbounded" minOccurs="0" name="return" type="tns:category"/>
    </xs:sequence>
   </xs:complexType>
   <xs:complexType name="category">
    <xs:sequence>
     <xs:element minOccurs="0" name="categoryId" type="xs:int"/>
     <xs:element minOccurs="0" name="name" type="xs:string"/>
     <xs:element minOccurs="0" name="parent" type="tns:category"/>
    </xs:sequence>
   </xs:complexType>
   <xs:complexType name="createAuction">
    <xs:sequence>
     <xs:element minOccurs="0" name="arg0" type="xs:string"/>
     <xs:element minOccurs="0" name="arg1" type="xs:string"/>
     <xs:element name="arg2" type="xs:int"/>
    </xs:sequence>
   </xs:complexType>
   <xs:complexType name="createAuctionResponse"/>
   <xs:complexType name="getNewAuctionDetails"/>
   <xs:complexType name="getNewAuctionDetailsResponse">
    <xs:sequence>
     <xs:element minOccurs="0" name="return" type="tns:auction"/>
    </xs:sequence>
   </xs:complexType>
   <xs:complexType name="auction">
    <xs:sequence>
     <xs:element minOccurs="0" name="account" type="tns:account"/>
     <xs:element minOccurs="0" name="auctionId" type="xs:int"/>
     <xs:element name="bids" type="xs:int"/>
     <xs:element minOccurs="0" name="category" type="tns:category"/>
     <xs:element minOccurs="0" name="description" type="xs:string"/>
     <xs:element minOccurs="0" name="endDate" type="xs:dateTime"/>
     <xs:element minOccurs="0" name="highBidder" type="tns:account"/>
     <xs:element minOccurs="0" name="image" type="tns:auctionImage"/>
     <xs:element name="price" type="xs:double"/>
     <xs:element name="status" type="xs:int"/>
     <xs:element minOccurs="0" name="title" type="xs:string"/>
    </xs:sequence>
   </xs:complexType>
   <xs:complexType name="account">
    <xs:sequence>
     <xs:element minOccurs="0" name="accountId" type="xs:int"/>
     <xs:element name="feedbackPercent" type="xs:float"/>
     <xs:element name="feedbackScore" type="xs:int"/>
     <xs:element minOccurs="0" name="location" type="xs:string"/>
     <xs:element minOccurs="0" name="memberSince" type="xs:dateTime"/>
     <xs:element minOccurs="0" name="name" type="xs:string"/>
    </xs:sequence>
   </xs:complexType>
   <xs:complexType name="auctionImage">
    <xs:sequence>
     <xs:element minOccurs="0" name="auction" type="tns:auction"/>
     <xs:element minOccurs="0" name="contentType" type="xs:string"/>
     <xs:element minOccurs="0" name="data" type="xs:base64Binary"/>
     <xs:element minOccurs="0" name="imageId" type="xs:int"/>
    </xs:sequence>
   </xs:complexType>
   <xs:complexType name="updateAuctionDetails">
    <xs:sequence>
     <xs:element minOccurs="0" name="arg0" type="xs:string"/>
     <xs:element minOccurs="0" name="arg1" type="xs:string"/>
     <xs:element name="arg2" type="xs:int"/>
    </xs:sequence>
   </xs:complexType>
   <xs:complexType name="updateAuctionDetailsResponse"/>
   <xs:complexType name="setAuctionDuration">
    <xs:sequence>
     <xs:element name="arg0" type="xs:int"/>
    </xs:sequence>
   </xs:complexType>
   <xs:complexType name="setAuctionDurationResponse"/>
   <xs:complexType name="setAuctionPrice">
    <xs:sequence>
     <xs:element name="arg0" type="xs:double"/>
    </xs:sequence>
   </xs:complexType>
   <xs:complexType name="setAuctionPriceResponse"/>
   <xs:complexType name="confirmAuction"/>
   <xs:complexType name="confirmAuctionResponse"/>
   <xs:complexType name="findAuctions">
    <xs:sequence>
     <xs:element minOccurs="0" name="arg0" type="xs:string"/>
    </xs:sequence>
   </xs:complexType>
   <xs:complexType name="findAuctionsResponse">
    <xs:sequence>
     <xs:element maxOccurs="unbounded" minOccurs="0" name="return" type="tns:auction"/>
    </xs:sequence>
   </xs:complexType>
  </xs:schema>
 </types>
 <message name="AuctionService_findAuctions">
  <part element="tns:findAuctions" name="findAuctions"/>
 </message>
 <message name="AuctionService_confirmAuctionResponse">
  <part element="tns:confirmAuctionResponse" name="confirmAuctionResponse"/>
 </message>
 <message name="AuctionService_updateAuctionDetailsResponse">
  <part element="tns:updateAuctionDetailsResponse" name="updateAuctionDetailsResponse"/>
 </message>
 <message name="AuctionService_setAuctionDuration">
  <part element="tns:setAuctionDuration" name="setAuctionDuration"/>
 </message>
 <message name="AuctionService_findAuctionsResponse">
  <part element="tns:findAuctionsResponse" name="findAuctionsResponse"/>
 </message>
 <message name="AuctionService_logoutResponse">
  <part element="tns:logoutResponse" name="logoutResponse"/>
 </message>
 <message name="AuctionService_setAuctionPriceResponse">
  <part element="tns:setAuctionPriceResponse" name="setAuctionPriceResponse"/>
 </message>
 <message name="AuctionService_confirmAuction">
  <part element="tns:confirmAuction" name="confirmAuction"/>
 </message>
 <message name="AuctionService_setAuctionPrice">
  <part element="tns:setAuctionPrice" name="setAuctionPrice"/>
 </message>
 <message name="AuctionService_listCategories">
  <part element="tns:listCategories" name="listCategories"/>
 </message>
 <message name="AuctionService_loginResponse">
  <part element="tns:loginResponse" name="loginResponse"/>
 </message>
 <message name="AuctionService_updateAuctionDetails">
  <part element="tns:updateAuctionDetails" name="updateAuctionDetails"/>
 </message>
 <message name="AuctionService_createAuction">
  <part element="tns:createAuction" name="createAuction"/>
 </message>
 <message name="AuctionService_listCategoriesResponse">
  <part element="tns:listCategoriesResponse" name="listCategoriesResponse"/>
 </message>
 <message name="AuctionService_setAuctionDurationResponse">
  <part element="tns:setAuctionDurationResponse" name="setAuctionDurationResponse"/>
 </message>
 <message name="AuctionService_createAuctionResponse">
  <part element="tns:createAuctionResponse" name="createAuctionResponse"/>
 </message>
 <message name="AuctionService_login">
  <part element="tns:login" name="login"/>
 </message>
 <message name="AuctionService_getNewAuctionDetails">
  <part element="tns:getNewAuctionDetails" name="getNewAuctionDetails"/>
 </message>
 <message name="AuctionService_logout">
  <part element="tns:logout" name="logout"/>
 </message>
 <message name="AuctionService_getNewAuctionDetailsResponse">
  <part element="tns:getNewAuctionDetailsResponse" name="getNewAuctionDetailsResponse"/>
 </message>
 <portType name="AuctionService">
  <operation name="confirmAuction" parameterOrder="confirmAuction">
   <input message="tns:AuctionService_confirmAuction"/>
   <output message="tns:AuctionService_confirmAuctionResponse"/>
  </operation>
  <operation name="createAuction" parameterOrder="createAuction">
   <input message="tns:AuctionService_createAuction"/>
   <output message="tns:AuctionService_createAuctionResponse"/>
  </operation>
  <operation name="findAuctions" parameterOrder="findAuctions">
   <input message="tns:AuctionService_findAuctions"/>
   <output message="tns:AuctionService_findAuctionsResponse"/>
  </operation>
  <operation name="getNewAuctionDetails" parameterOrder="getNewAuctionDetails">
   <input message="tns:AuctionService_getNewAuctionDetails"/>
   <output message="tns:AuctionService_getNewAuctionDetailsResponse"/>
  </operation>
  <operation name="listCategories" parameterOrder="listCategories">
   <input message="tns:AuctionService_listCategories"/>
   <output message="tns:AuctionService_listCategoriesResponse"/>
  </operation>
  <operation name="login" parameterOrder="login">
   <input message="tns:AuctionService_login"/>
   <output message="tns:AuctionService_loginResponse"/>
  </operation>
  <operation name="logout" parameterOrder="logout">
   <input message="tns:AuctionService_logout"/>
   <output message="tns:AuctionService_logoutResponse"/>
  </operation>
  <operation name="setAuctionDuration" parameterOrder="setAuctionDuration">
   <input message="tns:AuctionService_setAuctionDuration"/>
   <output message="tns:AuctionService_setAuctionDurationResponse"/>
  </operation>
  <operation name="setAuctionPrice" parameterOrder="setAuctionPrice">
   <input message="tns:AuctionService_setAuctionPrice"/>
   <output message="tns:AuctionService_setAuctionPriceResponse"/>
  </operation>
  <operation name="updateAuctionDetails" parameterOrder="updateAuctionDetails">
   <input message="tns:AuctionService_updateAuctionDetails"/>
   <output message="tns:AuctionService_updateAuctionDetailsResponse"/>
  </operation>
 </portType>
 <binding name="AuctionServiceBinding" type="tns:AuctionService">
  <soap:binding style="document" transport="http://schemas.xmlsoap.org/soap/http"/>
  <operation name="confirmAuction">
   <soap:operation soapAction=""/>
   <input>
    <soap:body use="literal"/>
   </input>
   <output>
    <soap:body use="literal"/>
   </output>
  </operation>
  <operation name="createAuction">
   <soap:operation soapAction=""/>
   <input>
    <soap:body use="literal"/>
   </input>
   <output>
    <soap:body use="literal"/>
   </output>
  </operation>
  <operation name="findAuctions">
   <soap:operation soapAction=""/>
   <input>
    <soap:body use="literal"/>
   </input>
   <output>
    <soap:body use="literal"/>
   </output>
  </operation>
  <operation name="getNewAuctionDetails">
   <soap:operation soapAction=""/>
   <input>
    <soap:body use="literal"/>
   </input>
   <output>
    <soap:body use="literal"/>
   </output>
  </operation>
  <operation name="listCategories">
   <soap:operation soapAction=""/>
   <input>
    <soap:body use="literal"/>
   </input>
   <output>
    <soap:body use="literal"/>
   </output>
  </operation>
  <operation name="login">
   <soap:operation soapAction=""/>
   <input>
    <soap:body use="literal"/>
   </input>
   <output>
    <soap:body use="literal"/>
   </output>
  </operation>
  <operation name="logout">
   <soap:operation soapAction=""/>
   <input>
    <soap:body use="literal"/>
   </input>
   <output>
    <soap:body use="literal"/>
   </output>
  </operation>
  <operation name="setAuctionDuration">
   <soap:operation soapAction=""/>
   <input>
    <soap:body use="literal"/>
   </input>
   <output>
    <soap:body use="literal"/>
   </output>
  </operation>
  <operation name="setAuctionPrice">
   <soap:operation soapAction=""/>
   <input>
    <soap:body use="literal"/>
   </input>
   <output>
    <soap:body use="literal"/>
   </output>
  </operation>
  <operation name="updateAuctionDetails">
   <soap:operation soapAction=""/>
   <input>
    <soap:body use="literal"/>
   </input>
   <output>
    <soap:body use="literal"/>
   </output>
  </operation>
 </binding>
 <service name="AuctionService">
  <port binding="tns:AuctionServiceBinding" name="AuctionServicePort">
   <soap:address location="http://127.0.0.1:8080/AuctionServiceService/AuctionService"/>
  </port>
 </service>
</definitions></con:content><con:type>http://schemas.xmlsoap.org/wsdl/</con:type></con:part></con:definitionCache></con:interface><con:testSuite name="TestSuite 1"><con:settings/><con:runType>SEQUENTIAL</con:runType>

<con:testCase failOnError="true" failTestCaseOnErrors="true" keepSession="true" name="TestCase 1" searchProperties="true">
  <con:settings/>
    
  <con:testStep type="request" name="login">
    <con:settings/>
    <con:config xsi:type="con:RequestStep" xmlns:xsi="http://www.w3.org/2001/XMLSchema-instance">
      <con:interface>AuctionServiceBinding</con:interface>
      <con:operation>login</con:operation>
      <con:request name="login">
        <con:settings/>
        <con:encoding>UTF-8</con:encoding>
        <con:endpoint>http://127.0.0.1:8080/AuctionServiceService/AuctionService</con:endpoint>
        <con:request><![CDATA[<soapenv:Envelope xmlns:soapenv="http://schemas.xmlsoap.org/soap/envelope/" xmlns:seam="http://seambay.example.seam.jboss.org/">
   <soapenv:Header/>
   <soapenv:Body>
      <seam:login>
         <!--Optional:-->
         <arg0>demo</arg0>
         <!--Optional:-->
         <arg1>demo</arg1>
      </seam:login>
   </soapenv:Body>
</soapenv:Envelope>]]></con:request>
        <con:assertion type="SOAP Response"/>
        <con:assertion type="Schema Compliance">
          <con:configuration/>
        </con:assertion>
      <con:assertion type="SOAP Fault Assertion"/></con:request>
    </con:config>
  </con:testStep>
  
  <con:testStep type="request" name="create">
    <con:settings/>
    <con:config xsi:type="con:RequestStep" xmlns:xsi="http://www.w3.org/2001/XMLSchema-instance">
      <con:interface>AuctionServiceBinding</con:interface>
      <con:operation>createAuction</con:operation>
      <con:request name="create">
        <con:settings/>
        <con:encoding>UTF-8</con:encoding>
        <con:endpoint>http://127.0.0.1:8080/AuctionServiceService/AuctionService</con:endpoint>
        <con:request><![CDATA[<soapenv:Envelope xmlns:soapenv="http://schemas.xmlsoap.org/soap/envelope/" xmlns:seam="http://seambay.example.seam.jboss.org/">
   <soapenv:Header/>
   <soapenv:Body>
      <seam:createAuction>
         <!--Optional:-->
         <arg0>mytitle</arg0>
         <!--Optional:-->
         <arg1>mydescription</arg1>
         <arg2>1</arg2>
      </seam:createAuction>
   </soapenv:Body>
</soapenv:Envelope>]]></con:request>
        <con:assertion type="SOAP Response"/>
        <con:assertion type="Schema Compliance">
          <con:configuration/>
        </con:assertion>
      <con:assertion type="SOAP Fault Assertion"/></con:request>
    </con:config>
  </con:testStep>
  
  <con:testStep type="transfer" name="Create to SetPrice Transfer">
    <con:settings/>
    <con:config xsi:type="con:TransferValuesStep" xmlns:xsi="http://www.w3.org/2001/XMLSchema-instance">
        
      <con:transfers setNullOnMissingSource="true" transferTextContent="true" failOnError="true" transferToAll="false" ignoreEmpty="false">
        <con:name>conv1</con:name>
        <con:sourceType>Response</con:sourceType>
        <con:sourceStep>create</con:sourceStep>
        <con:sourcePath>declare namespace env='http://schemas.xmlsoap.org/soap/envelope/';
declare namespace seam='http://www.jboss.org/seam/webservice';
//seam:conversationId</con:sourcePath>
        <con:targetType>Request</con:targetType>
        <con:targetStep>setprice</con:targetStep>
        <con:targetPath>declare namespace soapenv='http://schemas.xmlsoap.org/soap/envelope/';
declare namespace seam='http://www.jboss.org/seam/webservice';
//seam:conversationId</con:targetPath>
      </con:transfers>
    </con:config>
  </con:testStep>
  
  <con:testStep type="request" name="setprice">
    <con:settings/>
    <con:config xsi:type="con:RequestStep" xmlns:xsi="http://www.w3.org/2001/XMLSchema-instance">
      <con:interface>AuctionServiceBinding</con:interface>
      <con:operation>setAuctionPrice</con:operation>
      <con:request name="setprice">
        <con:settings/>
        <con:encoding>UTF-8</con:encoding>
        <con:endpoint>http://127.0.0.1:8080/AuctionServiceService/AuctionService</con:endpoint>
        <con:request><![CDATA[<soapenv:Envelope xmlns:soapenv="http://schemas.xmlsoap.org/soap/envelope/" xmlns:seam="http://seambay.example.seam.jboss.org/">
   <soapenv:Header>
      <seam:conversationId xmlns:seam="http://www.jboss.org/seam/webservice">2</seam:conversationId>
   </soapenv:Header>
   <soapenv:Body>
      <seam:setAuctionPrice>
         <arg0>20</arg0>
      </seam:setAuctionPrice>
   </soapenv:Body>
</soapenv:Envelope>]]></con:request>
        <con:assertion type="SOAP Response"/>
        <con:assertion type="Schema Compliance">
          <con:configuration/>
        </con:assertion>
      <con:assertion type="SOAP Fault Assertion"/></con:request>
    </con:config>
  </con:testStep>
  
  <con:testStep type="transfer" name="SetPrice to Confirm Transfer">
    <con:settings/>
    <con:config xsi:type="con:TransferValuesStep" xmlns:xsi="http://www.w3.org/2001/XMLSchema-instance">
        
      <con:transfers setNullOnMissingSource="true" transferTextContent="true" failOnError="true" ignoreEmpty="false">
        <con:name>conv2</con:name>
        <con:sourceType>Response</con:sourceType>
        <con:sourceStep>setprice</con:sourceStep>
        <con:sourcePath>declare namespace env='http://schemas.xmlsoap.org/soap/envelope/';
declare namespace seam='http://www.jboss.org/seam/webservice';
//seam:conversationId</con:sourcePath>
        <con:targetType>Request</con:targetType>
        <con:targetStep>confirm</con:targetStep>
        <con:targetPath>declare namespace soapenv='http://schemas.xmlsoap.org/soap/envelope/';
declare namespace seam='http://www.jboss.org/seam/webservice';
//seam:conversationId</con:targetPath>
      </con:transfers>
    </con:config>
  </con:testStep>
  
  <con:testStep type="request" name="confirm">
    <con:settings/>
    <con:config xsi:type="con:RequestStep" xmlns:xsi="http://www.w3.org/2001/XMLSchema-instance">
      <con:interface>AuctionServiceBinding</con:interface>
      <con:operation>confirmAuction</con:operation>
      <con:request name="confirm">
        <con:settings/>
        <con:encoding>UTF-8</con:encoding>
       <con:endpoint>http://127.0.0.1:8080/AuctionServiceService/AuctionService</con:endpoint>
        <con:request><![CDATA[<soapenv:Envelope xmlns:soapenv="http://schemas.xmlsoap.org/soap/envelope/" xmlns:seam="http://seambay.example.seam.jboss.org/">
   <soapenv:Header>
      <seam:conversationId xmlns:seam="http://www.jboss.org/seam/webservice">2</seam:conversationId>
   </soapenv:Header>
   <soapenv:Body>
      <seam:confirmAuction/>
   </soapenv:Body>
</soapenv:Envelope>]]></con:request>
        <con:assertion type="SOAP Response"/>
        <con:assertion type="Schema Compliance">
          <con:configuration/>
        </con:assertion>
      <con:assertion type="SOAP Fault Assertion"/></con:request>
    </con:config>
  </con:testStep>
    
  <con:testStep type="request" name="logout">
    <con:settings/>
    <con:config xsi:type="con:RequestStep" xmlns:xsi="http://www.w3.org/2001/XMLSchema-instance">
      <con:interface>AuctionServiceBinding</con:interface>
      <con:operation>logout</con:operation>
      <con:request name="logout">
        <con:settings/>
        <con:encoding>UTF-8</con:encoding>
        <con:endpoint>http://127.0.0.1:8080/AuctionServiceService/AuctionService</con:endpoint>
        <con:request><![CDATA[<soapenv:Envelope xmlns:soapenv="http://schemas.xmlsoap.org/soap/envelope/" xmlns:seam="http://seambay.example.seam.jboss.org/">
   <soapenv:Header/>
   <soapenv:Body>
      <seam:logout/>
   </soapenv:Body>
</soapenv:Envelope>]]></con:request>
        <con:assertion type="SOAP Response"/>
        <con:assertion type="Schema Compliance">
          <con:configuration/>
        </con:assertion>
      <con:assertion type="SOAP Fault Assertion"/></con:request>
    </con:config>
  </con:testStep>
    
</con:testCase>
  
</con:testSuite></con:soapui-project>