<pages no-conversation-view-id="/main.xhtml"
       login-view-id="/home.xhtml">

  <page view-id="/main.xhtml" login-required="true" timeout="300000">Search hotels: #{hotelBooking.searchString}</page>
  <page view-id="/hotel.xhtml" login-required="true" timeout="300000">View hotel: #{hotel.name}</page>
  <page view-id="/book.xhtml" login-required="true" timeout="600000">Book hotel: #{hotel.name}</page>
  <page view-id="/confirm.xhtml" login-required="true" timeout="600000">Confirm: #{booking.description}</page>

  <exception 
      class="javax.persistence.EntityNotFoundException">
    <http-error error-code="404"/>
  </exception>
   
  <exception 
      class="javax.persistence.PersistenceException">
    <end-conversation/>
    <redirect view-id="/generalError.xhtml">
      <message>Database access failed</message>
    </redirect>
  </exception>

  <exception class="java.lang.RuntimeException">
    <redirect view-id="/generalError.xhtml">
      <message>Unexpected failure</message>
    </redirect>
  </exception>
</pages>
