<?xml version="1.0" encoding="UTF-8"?>

<!--			Ant build file for J2ME library projects 

This Ant script implements generic build tasks for J2ME library projects. The 
following properties must be set for the script to run:

 * wtk.home : The root directory of Sun's Wireless Toolkit
 * lib.name : The name of the library to create
 * deploydir: the destination directory for the deploy target; the JAR file
              will be copied to that directory (required for deploy target)

The following properties can be set or modified to control the script:

 * buildbase: the root directory for the build (default: build)
 * classdir : class files (default: {buildbase}/classes) 
 * distdir  : all other created artefacts (default: {buildbase}/dist)
 * srcdir   : sourcecode directory (default: src)
 * testdir  : test sourcecode directory (default: tests)
 * resdir   : resources (images) directory (default: res)
 * docdir   : documentation to be packaged with source code (default: doc)

The following properties are used for the compilation and packaging:

 * bootclasspath : points to the bootstrap class files (default: ${wtk.home}/lib/midpapi.zip)
 * classpath     : additional classes or libraries (default: empty)
 * build.debug   : if true, class files are generated with debug information (default: false)
 * build.optimize: if true, class files are optimized (default: true)
 * lib.src.name  : name of the archive that includes the packaged source files
                   without extension (default: ${lib.name}-src)
 * package.libwithsource: if set, the library jar will be packaged into the 
                          source code archive by the "package-src" target 
 						  (default: not set)
 
The following properties are used for the running of a test suite with the 
target run.tests which will invoke {test.target} in {test.script}:

 * test.script   : path to the Ant script to invoke the test (default: buildwtk.xml)
 * test.target	 : the target to invoke for the test (default: run.tests)
 * test.name     : name of the test MIDlet (for the JAD/JAR files) 
                   (default: {libname}-tests)
 * test.class    : fully qualified class name of the test MIDlet (default: 
                   j2meunit.midletui.TestRunner, Attribute J2MEUnitTestClasses
                   will be set to class AllTests in the default Package)
 * test.srcdir   : source directory of the test code (default: tests)
 * test.classpath: additional classpath (besides the library built by this 
                   script) to compile and run the tests (e.g. J2MEUnit.jar)
                   (default: empty)
 -->

<project name="buildmelib" default="deploy">

	<!-- Initializes and ensures the build properties -->
	<target name="init" >
	
		<!-- Let Ant initialize date and time properties -->
		<tstamp />
		
		<!-- First try to read properties from file -->
		<property file="buildmelib.properties" />

		<!-- Compilation parameters -->
		<property name="bootclasspath" value="${wtk.home}/lib/midpapi.zip" />
		<property name="classpath" value="" />
		<property name="build.debug" value ="false" />
		<property name="build.optimize" value ="true" />
	
	    <!-- General properties used in the project -->
		<property name="buildbase" value="build"/>
		<property name="classdir" value="${buildbase}/classes"/>
		<property name="distdir" value="${buildbase}/dist"/>
		<property name="libfile" location="${distdir}/${lib.name}.jar"/>
		<property name="srcdir" value="src"/>
		<property name="testdir" value="tests"/>
		<property name="resdir" value="res"/>
		<property name="docdir" value="doc"/>
	</target>

	<!-- +++++++++++++++++++++++++++++++++++++++++++++++++++++++++++++++++
	     +++++++++++++++++++++++++++++++++++++++++++++++++++++++++++++++++ -->

    <!-- Clean the output directory -->
	<target name="clean" depends="init" >
	    <delete dir="${classdir}" failonerror="false"/>
	    <delete file="${libfile}" failonerror="false"/>
	</target>

    <!-- Create output directories if necessary -->
	<target name="setup" depends="init" >

		<!-- Check required properties -->
		<fail message="Property wtk.home must be set" unless="wtk.home" />
		<fail message="Property lib.name must be set" unless="lib.name" />

		<mkdir dir="${classdir}"/>
		<mkdir dir="${distdir}"/>

		<!-- Check if rebuilding of the JAR is necessary -->
		<uptodate property="lib.uptodate" targetfile="${libfile}" >
			<srcfiles dir= "${srcdir}" includes="**/*.java" />
	        <srcfiles dir="${resdir}" />
	        <srcfiles dir="${basedir}" includes="build*.xml" />
		</uptodate>
	</target>
	
    <!-- Optimized compile of source files -->
	<target name="compile" depends="setup">
	    <javac srcdir="${srcdir}" destdir="${classdir}" 
	    						  optimize="${build.optimize}"
	    						  debug="${build.debug}"
	    						  target="1.1"
	    						  bootclasspath="${bootclasspath}"
	    						  classpath="${classpath}" />
	</target>
	
    <!-- Packaging a JAR file including all classes and the resources (images) -->
	<target name="package-lib" depends="compile" unless="lib.uptodate" >
	    <delete file="${libfile}" failonerror="false"/>
	    <jar jarfile="${libfile}">
	        <fileset dir="${classdir}">
	            <include name="**/*.class"/>
	            <exclude name="**/test/**" />
	            <exclude name="**/tests/**" />
	            <exclude name="**/examples/**" />
	        </fileset>
	        <fileset dir="${resdir}">
	            <include name="**" />
	        </fileset>
	        <fileset dir="${basedir}">
		        <include name="readme.txt"/>
	        </fileset>
	    </jar>
	</target>

    <!-- Packaging a JAR file containing source code and documentation -->
	<target name="package-src" depends="init,package-lib" >
		<property name="lib.src.name" value="${lib.name}-src" />

	    <delete file="${distdir}/${lib.src.name}.zip" failonerror="false" />

	    <zip zipfile="${distdir}/${lib.src.name}.zip" basedir="${basedir}" >
            <include name="${srcdir}/**/*.java" />
            <include name="${testdir}/**/*.java" />
            <include name="${docdir}/**" />
			<include name="*.txt" />
			<include name="*.html" />
			<include name="*.xml" />
			<zipfileset dir="${distdir}" prefix="lib" >
				<include name="${lib.name}.jar" if="package.libwithsource" />
			</zipfileset>
	    </zip>
    </target>

	<!-- Perform a full build by cleaning the output files and invoking -->
	<target name="rebuild" depends="clean,package-lib">
	</target>		

    <!-- Builds the library and deploys it if {deploydir} is set -->
   	<target name="deploy" depends="package-lib" >
		<fail message="Property deploydir must be set" unless="deploydir" />
		<echo message="Deploying ${lib.name}.jar to '${deploydir}'" />
	    <copy file="${libfile}" todir="${deploydir}" />
	</target>
	
	<!-- Run a TestRunner midlet -->
	<target name="run.tests" depends="package-lib">
		<!-- Will set defaults if these properties haven't been set before -->
		<property name="test.script" value="buildwtk.xml" />
		<property name="test.name" value="${lib.name}-tests" />
		<property name="test.target" value="run.tests" />

	    <delete file="${distdir}/${test.name}.jar" failonerror="false"/>

		<ant antfile="${test.script}" target="${test.target}" >
		</ant>
	</target>
</project>
