<?xml version="1.0" encoding="UTF-8"?>

<!--			Ant build file for J2ME/WTK projects 
This Ant script implements generic build tasks for J2ME projects.  It will only
work if the Antenna JAR file (http://antenna.sf.net) is in the Ant classpath. 
For obfuscation, either ProGuard or RetroGuard must be on the classpath. 

The following properties must be set for the script to be able to run:

 * wtk.home    : must point to the root directory of Sun's Wireless Toolkit 
 * midlet.name : the name of the MIDlet and associated files (JAD etc.)
 * midlet.class: the main class of the MIDlet
 * deploydir   : the destination directory for the deploy target; JAD and JAR
                 files will be copied to that directory

The following properties can be set or modified to control the script:

 * buildbase     : the root directory for the build (default: build)
 * classdir      : class files (default: {buildbase}/classes) 
 * distdir       : all other created artefacts (default: {buildbase}/dist)
 * srcdir        : sourcecode directory (default: src)
 * testdir       : test sourcecode directory (default: tests)
 * resdir        : resources (images) directory (default: res)
 * midlet.libs   : if set, must contain the classpath of external libraries that 
                   are necessary to build and package the project
 * midlet.rebuild: if set, the midlet will be rebuilt, even if none of it's 
                   elements have changed; it will not be recompiled, to force
                   this the "clean" target should be called before starting a 
                   build
 * wtk.run.device: the WTK device for the run target (default: DefaultColorPhone)
 * wtk.run.debug : address for remote debugging as <host>:<port> (default: not set)
 * wtk.run.wait  : if true the ant task will wait for the emulator to terminate (default: true)

The following properties control the creation and packaging of class files. 
Their default depends on the target that will be invoked, and only certain 
combinations make sense. For deployment the defaults are (false, true, true), 
for all "run" targets it's (true, false, false):

 * wtk.build.debug   : if true, class files are generated with debug information
 * wtk.build.optimize: if true, class files are optimized
 * wtk.pack.obfuscate: if true, the JAR file will be obfuscated
 * wtk.pack.preserveN: (N = 1-9) can contain up to 9 different descriptions of
                       classes that shall be preserved during obfuscation of the 
                       JAR file. The format depends on the obfuscator used. For 
                       details see the documentation of Antenna and ProGuard or
                       RetroGuard, respectively.

JAD file entries:

 * wtk.jad.icon (default: /img/{midlet.name}-icon.png)
 * wtk.jad.vendor (default: empty)
 * wtk.jad.version (default: 1.0)
 * wtk.jad.j2me-profile (default: MIDP-1.0)
 * wtk.jad.j2me-config (default: CLDC-1.0)
 * wtk.jad.attrN: (N = 1-9) optional attributes for the JAD file
 * wtk.jad.attrN.value: The attribute values

The following properties are used for the running of a test MIDlet:

 * test.name     : name of the test MIDlet, used for the JAD/JAR files 
                   (default: {midlet.name}-tests)
 * test.class    : fully qualified class name of the test MIDlet (default: 
                   j2meunit.midletui.TestRunner, Attribute J2MEUnitTestClasses
                   will be set to {test.j2meunit-classes})
 * test.srcdir   : source directory of the test code (default: tests)
 * test.classpath: additional classpath to compile and run the tests 
 				   (e.g. j2meunit.jar, default: empty)
 * test.j2meunit-classes: the  classes for the attribute J2MEUnitTestClasses
                   (default: class AllTests in the default package)
 * test.device   : the WTK device to run the test on (default: DefaultColorPhone)
-->

<project name="buildwtk" default="deploy">

    <!-- Defining Antenna's WTK tasks -->
	<taskdef name="wtkjad"        classname="de.pleumann.antenna.WtkJad"/>
	<taskdef name="wtkbuild"      classname="de.pleumann.antenna.WtkBuild"/>
	<taskdef name="wtkpackage"    classname="de.pleumann.antenna.WtkPackage"/>
	<taskdef name="wtkmakeprc"    classname="de.pleumann.antenna.WtkMakePrc"/>
	<taskdef name="wtkrun"        classname="de.pleumann.antenna.WtkRun"/>
	<taskdef name="wtkpreverify"  classname="de.pleumann.antenna.WtkPreverify"/>
	<taskdef name="wtkobfuscate"  classname="de.pleumann.antenna.WtkObfuscate"/>
	<taskdef name="wtksmartlink"  classname="de.pleumann.antenna.WtkSmartLink"/>
	<taskdef name="wtkpreprocess" classname="de.pleumann.antenna.WtkPreprocess"/>
	
	<!-- Initializes and ensures the build properties -->
	<target name="init" >
		<!-- First try to read properties from file -->
		<property file="buildwtk.properties" />

		<!-- JAD file properties -->
	    <property name="wtk.jad.icon" value="/img/${midlet.name}-icon.png" />
		<property name="wtk.jad.vendor" value="" />
		<property name="wtk.jad.version" value="1.0" />
		<property name="wtk.jad.j2me-profile" value="MIDP-1.0" />
		<property name="wtk.jad.j2me-config" value="CLDC-1.0" />
	
		<!-- WTK-specific properties -->
		<property name="wtk.run.device" value="DefaultColorPhone" />
		<property name="wtk.run.wait" value="true" />
	
	    <!-- General properties used in the project -->
		<property name="buildbase" value="build" />
		<property name="classdir" value="${buildbase}/classes" />
		<property name="distdir" value="${buildbase}/dist" />
		<property name="srcdir" value="src" />
		<property name="resdir" value="res" />
		
		<!-- MIDlet properties -->
	    <property name="midlet.basename" value="${distdir}/${midlet.name}" />
	</target>
		
	<!-- +++++++++++++++++++++++++++++++++++++++++++++++++++++++++++++++++
	     +++++++++++++++++++++++++++++++++++++++++++++++++++++++++++++++++ -->

	<!-- Cleans the output directories -->
	<target name="clean" depends="init" >
	    <delete dir="${classdir}" failonerror="false"/>
	    <delete file="${midlet.basename}.jar" failonerror="false"/>
	    <delete file="${midlet.basename}.jad" failonerror="false"/>
	</target>

	<!-- Cleans the output directories only if the property midlet.rebuild has 
	     been set externally -->
	<target name="conditional_clean" if="midlet.rebuild" >
		<antcall target="clean"></antcall>
	</target>

	<!-- setup of build structures and information -->
	<target name="setup" depends="init">
		<!-- Check required properties -->
		<fail message="Property wtk.home must be set" unless="wtk.home" />
		<fail message="Property midlet.name must be set" unless="midlet.name" />
		<fail message="Property midlet.class must be set" unless="midlet.class" />
		
		<mkdir dir="${classdir}"/>
		<mkdir dir="${distdir}"/>

		<!-- Check if rebuilding of the JAR is necessary -->
		<condition property="midlet.uptodate">
			<and>
				<!-- check if midlet jar is uptodate -->
				<uptodate targetfile="${midlet.basename}.jar" >
					<srcfiles dir= "${srcdir}" includes="**/*.java" />
			        <srcfiles dir="${resdir}" includes="*" />
			        <srcfiles dir="${basedir}" includes="build*.xml" />
				</uptodate>

				<!-- check if rebuild requested externally -->
				<not><istrue value="${midlet.rebuild}" /></not>
			</and>
		</condition>
 	</target>
	
	<target name="compile" depends="conditional_clean,setup" >

		<!-- set property defaults (only if not set before!) -->
		<property name="wtk.build.debug" value="off" />
		<property name="wtk.build.optimize" value="on" />

		<!-- Compile everything, but don't preverify (yet) -->
		<wtkbuild srcdir="${srcdir}"
		          destdir="${classdir}"
		          optimize="${wtk.build.optimize}"
		          debug="${wtk.build.debug}"
		          preverify="false"
		          classpath="${midlet.libs}"/>
	</target>

  	<!-- Invokes the WTK specific tasks to create the midlet JAR -->
	<target name="build.midlet" depends="compile" unless="midlet.uptodate" >

		<!-- set property defaults (only if not set before!) -->
		<property name="wtk.pack.obfuscate" value="true" />

		<!-- First create the JAD file -->
		<wtkjad jadfile="${midlet.basename}.jad"
		        jarfile="${midlet.name}.jar"
		        name="${midlet.name}"
		        vendor="${wtk.jad.vendor}"
		        version="${wtk.jad.version}">
		
		    <midlet name="${midlet.name}" 
		    		class="${midlet.class}"
		    		icon="${wtk.jad.icon}"/>

			<attribute name="MicroEdition-Profile" value="${wtk.jad.j2me-profile}" />
			<attribute name="MicroEdition-Configuration" value="${wtk.jad.j2me-config}" />
			<attribute name="${wtk.jad.attr1}" value="${wtk.jad.attr1.value}" if="wtk.jad.attr1" />
			<attribute name="${wtk.jad.attr2}" value="${wtk.jad.attr2.value}" if="wtk.jad.attr2" />
			<attribute name="${wtk.jad.attr3}" value="${wtk.jad.attr3.value}" if="wtk.jad.attr3" />
			<attribute name="${wtk.jad.attr4}" value="${wtk.jad.attr4.value}" if="wtk.jad.attr4" />
			<attribute name="${wtk.jad.attr5}" value="${wtk.jad.attr5.value}" if="wtk.jad.attr5" />
			<attribute name="${wtk.jad.attr6}" value="${wtk.jad.attr6.value}" if="wtk.jad.attr6" />
			<attribute name="${wtk.jad.attr7}" value="${wtk.jad.attr7.value}" if="wtk.jad.attr7" />
			<attribute name="${wtk.jad.attr8}" value="${wtk.jad.attr8.value}" if="wtk.jad.attr8" />
			<attribute name="${wtk.jad.attr9}" value="${wtk.jad.attr9.value}" if="wtk.jad.attr9" />

		</wtkjad>
		
		<!-- Package everything. Most of the necessary information is
		     contained in the JAD file. Also preverify the result this
		     time. To obfuscate everything, set the corresponding
		     parameter to "true" (requires RetroGuard or ProGuard). If 
		     the autoversion parameter is true it will increment the 
		     MIDlet-Version by one each time. -->
		<wtkpackage jarfile="${midlet.basename}.jar"
		            jadfile="${midlet.basename}.jad"
		            obfuscate="${wtk.pack.obfuscate}"
		            preverify="true"
		            autoversion="false"
					libclasspath="${midlet.libs}"
					verbose="true">
		
			<!-- Package the  compiled classes and the resources -->
			<fileset dir="${classdir}"/>
	        <fileset dir="${resdir}">
	            <include name="**"/>
	        </fileset>

			<preserve class="${wtk.pack.preserve1}" if="wtk.pack.preserve1" />
			<preserve class="${wtk.pack.preserve2}" if="wtk.pack.preserve2" />
			<preserve class="${wtk.pack.preserve3}" if="wtk.pack.preserve3" />
			<preserve class="${wtk.pack.preserve4}" if="wtk.pack.preserve4" />
			<preserve class="${wtk.pack.preserve5}" if="wtk.pack.preserve5" />
			<preserve class="${wtk.pack.preserve6}" if="wtk.pack.preserve6" />
			<preserve class="${wtk.pack.preserve7}" if="wtk.pack.preserve7" />
			<preserve class="${wtk.pack.preserve8}" if="wtk.pack.preserve8" />
			<preserve class="${wtk.pack.preserve9}" if="wtk.pack.preserve9" />
		</wtkpackage>

	</target> <!-- build.midlet -->

		<!-- Convert the JAR file into a MIDP for PalmOS PRC file -->
	<target name="palm-prc" depends="build.midlet">
		<wtkmakeprc jadfile="${midlet.basename}.jad"
		            prcfile="${midlet.basename}.prc"/>
	</target>		

	<!-- Internal target to perform a full build -->
	<target name="rebuild" depends="clean,build.midlet">
	</target>		

    <!-- Builds the midlet and deploys it if {deploydir} is set -->
	<target name="deploy" depends="rebuild" >
		<fail message="Property deploydir must be set" unless="deploydir" />
		<echo message="Deploying ${midlet.basename}.jar/jad to '${deploydir}'" />
	    <copy file="${midlet.basename}.jad" todir="${deploydir}" />
	    <copy file="${midlet.basename}.jar" todir="${deploydir}" />
	</target>
	
	<!-- Internal target to start the MIDlet -->
	<target name="-run.internal" depends="build.midlet">
		<wtkrun jadfile="${midlet.basename}.jad" 
				device="${wtk.run.device}"
				wait="true" 
				unless="wtk.run.debug" />
		<wtkrun jadfile="${midlet.basename}.jad" 
				device="${wtk.run.device}"
				debug="${wtk.run.debug}"
				wait="${wtk.run.wait}" 
				if="wtk.run.debug" />
	</target>		

	<!-- Start the MIDlet -->
	<target name="run" >
		<!-- set the properties for debugging -->
		<property name="wtk.build.debug" value="on" />
		<property name="wtk.build.optimize" value="off" />
		<property name="wtk.pack.obfuscate" value="off" />

		<antcall target="-run.internal" />
	</target>		

	<!-- Target for rebuilding the complete MIDlet before running it -->
	<target name="rebuild-and-run" depends="clean" >
		<antcall target="run" />
	</target>
	
	<!-- Run a TestRunner midlet -->
	<target name="run.tests" depends="init" >
		<!-- Will set defaults if these properties haven't been set before -->
	    <property name="test.name" value="${midlet.name}-tests" />
		<property name="test.class" value="j2meunit.midletui.TestRunner" />
		<property name="test.srcdir" value="tests" />
		<property name="test.classpath" value="" />
		<property name="test.j2meunit-classes" value="AllTests" />
		<property name="test.device" value="DefaultColorPhone" />
		<property name="midlet.classes" location="${classdir}" />

	    <delete file="${distdir}/${test.name}.jar" failonerror="false"/>

		<!-- Invoke the run target for the tests -->
		<antcall target="run" inheritall="false" >
			<param name="srcdir" value="${test.srcdir}" />
		    <param name="midlet.name" value="${test.name}" />
			<param name="midlet.class" value="${test.class}" />
			<param name="midlet.libs" value="${midlet.classes};${test.classpath}" />
			<param name="wtk.jad.icon" value="" />
			<param name="wtk.jad.attr1" value="J2MEUnitTestClasses" />
			<param name="wtk.jad.attr1.value" value="${test.j2meunit-classes}" />
			<param name="wtk.run.device" value="${test.device}" />
		</antcall>
	</target>
</project>