<?xml version="1.0" encoding="UTF-8"?>
<project xmlns="http://www.netbeans.org/ns/project/1">
    <type>org.netbeans.modules.ant.freeform</type>
    <configuration>
        <general-data xmlns="http://www.netbeans.org/ns/freeform-project/1">
            <!-- Do not use Project Properties customizer when editing this file manually. -->
            <name>Data View Integration</name>
            <properties/>
            <folders>
                <source-folder>
                    <label>src</label>
                    <type>java</type>
                    <location>src</location>
                </source-folder>
                <source-folder>
                    <label>test</label>
                    <type>java</type>
                    <location>test</location>
                </source-folder>
            </folders>
            <ide-actions>
                <action name="build">
                    <target>main</target>
                </action>
                <action name="clean">
                    <target>clean</target>
                </action>
                <action name="run">
                    <target>deploy</target>
                </action>
                <action name="rebuild">
                    <target>clean</target>
                    <target>main</target>
                </action>
            </ide-actions>
            <view>
                <items>
                    <source-folder style="tree">
                        <label>view</label>
                        <location>view</location>
                    </source-folder>
                    <source-folder style="tree">
                        <label>resources</label>
                        <location>resources</location>
                    </source-folder>
                    <source-folder style="packages">
                        <label>src</label>
                        <location>src</location>
                    </source-folder>
                    <source-folder style="packages">
                        <label>test</label>
                        <location>test</location>
                    </source-folder>
                    <source-file>
                        <location>build.xml</location>
                    </source-file>
                </items>
                <context-menu>
                    <ide-action name="build"/>
                    <ide-action name="clean"/>
                    <ide-action name="run"/>
                    <ide-action name="rebuild"/>
                </context-menu>
            </view>
            <subprojects/>
        </general-data>
        <java-data xmlns="http://www.netbeans.org/ns/freeform-project-java/1">
            <compilation-unit>
                <package-root>src</package-root>
                <classpath mode="compile">../lib/ejb3-persistence.jar:../lib/hibernate-annotations.jar:../lib/hibernate-entitymanager.jar:../lib/hibernate3.jar:../lib/jboss-archive-browsing.jar:../lib/jboss-seam-debug.jar:../lib/jboss-seam-ui.jar:../lib/jboss-seam.jar:../lib/myfaces-api-1.1.4.jar:../lib/myfaces-impl-1.1.4.jar:../lib/embeddedejb3/jboss-ejb3-all.jar</classpath>
                <source-level>1.5</source-level>
            </compilation-unit>
        </java-data>
    </configuration>
</project>
