<?xml version="1.0" encoding="UTF-8"?>
<application xmlns="http://java.sun.com/xml/ns/javaee" 
             xmlns:xsi="http://www.w3.org/2001/XMLSchema-instance"
             xsi:schemaLocation="http://java.sun.com/xml/ns/javaee http://java.sun.com/xml/ns/javaee/application_5.xsd"
             version="5">
             
  <display-name>SeamBay</display-name>

  <module>
    <web>
      <web-uri>jboss-seam-bay.war</web-uri>
      <context-root>/seam-bay</context-root>
    </web>
  </module>
  
  <module>
    <ejb>jboss-seam-bay.jar</ejb>
  </module>
  
  <module>
    <ejb>jboss-seam.jar</ejb>
  </module>
  
</application>
