<!DOCTYPE hibernate-configuration PUBLIC
	"-//Hibernate/Hibernate Configuration DTD 3.0//EN"
	"http://hibernate.sourceforge.net/hibernate-configuration-3.0.dtd">

<hibernate-configuration>
	<session-factory name="java:/helloSession">
		<property name="show_sql">true</property>
		<property name="connection.datasource">java:/DefaultDS</property>
		<property name="hbm2ddl.auto">create-drop</property>
		<property name="cache.provider_class">org.hibernate.cache.HashtableCacheProvider</property>
		<property name="transaction.flush_before_completion">true</property>
		<property name="connection.release_mode">after_statement</property>
		<property name="transaction.manager_lookup_class">org.hibernate.transaction.JBossTransactionManagerLookup</property>
		<property name="transaction.factory_class">org.hibernate.transaction.JTATransactionFactory</property>
		<mapping class="Person"/>
	</session-factory>
</hibernate-configuration>
