<project name="Trivia" default="all">

  <target name="init">
    <tstamp/>
    <property name="projname" value="Trivia" />

    <property name="SDK" value="C:/Nokia/Devices/Nokia_S40_DP20_SDK_1_0" />
    <property name="midpclasses" value="${SDK}/lib/classes.zip" />
    <property name="preverify" value="${SDK}/bin/preverify" />

    <property name="tmp" value="temp" />
    <property name="tmpclasses" value="${tmp}/tmpclasses" />
    <property name="pvclasses" value="${tmp}/pvclasses" />
  </target>

  <target name="clean" depends="init">
    <delete dir="${tmp}" />
    <delete file="bin/${projname}.jar" />
    <delete file="bin/*.sh" />
  </target>

  <!-- Setup build directory structure and copy over
       the generic source files -->
  <target name="prepare" depends="clean">
    <mkdir dir="${tmp}" />
    <mkdir dir="${tmpclasses}" />
    <mkdir dir="${pvclasses}" />
    <mkdir dir="${tmp}/src" />

    <copy todir="${tmp}/src">
      <fileset dir="src/generic" />
    </copy>
  </target>

  <!-- Example of preparing for a specific target -->
  <target name="preTarget" depends="prepare">

    <!-- Optional: Copy over the library classes -->
    <unzip dest="${tmpclasses}">
      <fileset dir="lib/targetname">
        <include name="**/*.zip"/>
        <include name="**/*.jar"/>
      </fileset>
    </unzip>
    <delete dir="${tmpclasses}/META-INF" />

    <!-- Optional: Copy over the replaceable
         source modules -->
    <copy todir="${tmp}/src" overwrite="true">
      <fileset dir="src/targetname" />
    </copy>

    <!-- Optional: Copy over the replaceable
         resource files -->
    <copy todir="${pvclasses}">
      <fileset dir="res/targetname" />
    </copy>
  </target>

  <!-- Compile from the source file -->
  <target name="compile" depends="init">
    <javac srcdir="${tmp}/src" destdir="${tmpclasses}"
           bootclasspath="${midpclasses}"
    >
      <classpath>
        <pathelement path="${tmpclasses}"/>
        <pathelement path="${midpclasses}"/>
      </classpath>
    </javac>
  </target>

  <target name="preverify" depends="init">
    <exec executable="${preverify}">
      <arg line="-classpath ${midpclasses}"/>
      <arg line="-d ${pvclasses}" />
      <arg line="${tmpclasses}" />
    </exec>
  </target>

  <target name="package" depends="init">
    <jar jarfile="bin/${projname}.jar"
         basedir="${pvclasses}"
         manifest="bin/${projname}.MF"
    />
  </target>

  <!-- Example of built for a specific target -->
  <target name="buildTarget" depends="init">
    <antcall target="preTarget" />
    <antcall target="compile" />
    <antcall target="preverify"/>
    <antcall target="package" />
  </target>

  <!-- Now the real build targets -->

  <!-- The generic build task -->
  <target name="preGeneric" depends="prepare">
    <copy todir="${pvclasses}">
      <fileset dir="res/generic" />
    </copy>
  </target>
  <target name="buildGeneric" depends="init">
    <antcall target="preGeneric" />
    <antcall target="compile" />
    <antcall target="preverify"/>
    <antcall target="package" />
  </target>

  <!-- The build task for unit tests -->
  <target name="preUnitTests" depends="prepare">
    <unzip dest="${pvclasses}">
      <fileset dir="lib/UnitTests">
        <include name="**/*.zip"/>
        <include name="**/*.jar"/>
      </fileset>
    </unzip>
    <delete dir="${tmpclasses}/META-INF" />

    <copy todir="${tmp}/src" overwrite="true">
      <fileset dir="src/UnitTests" />
    </copy>

    <copy todir="${pvclasses}">
      <fileset dir="res/generic" />
    </copy>
  </target>
  <target name="buildUnitTests" depends="init">
    <antcall target="preUnitTests" />
    <antcall target="compile" />
    <antcall target="preverify"/>
    <antcall target="package" />
  </target>

  <target name="pre6600" depends="prepare">
    <copy todir="${tmp}/src" overwrite="true">
      <fileset dir="src/6600" />
      <fileset dir="src/SafeWait" />
    </copy>
    <copy todir="${pvclasses}">
      <fileset dir="res/6600" />
    </copy>
  </target>
  <target name="build6600" depends="init">
    <antcall target="pre6600" />
    <antcall target="compile" />
    <antcall target="preverify"/>
    <antcall target="package" />
  </target>


  <target name="all" depends="buildGeneric"/>

</project>
