<project name="Trivia" default="all">

  <taskdef resource="antenna.properties"/>
  <property name="wtk.home" value="C:\Java\WTK21\"/>
  <property name="wtk.cldc.version" value="1.1"/>
  <property name="wtk.midp.version" value="2.0"/>
  <property name="wtk.mmapi.enabled" value="true"/>
  <property name="wtk.wma.enabled" value="true"/>
  <property name="wtk.j2mews.enabled" value="false"/>

  <target name="init">
    <tstamp/>
    <property name="projname" value="Trivia" />

    <property name="SDK"
      value="C:/Nokia/Devices/Nokia_S40_DP20_SDK_1_0" />
    <property name="midpclasses"
      value="${SDK}/lib/classes.zip" />

    <property name="tmp" value="temp" />
    <property name="tmpclasses"
      value="${tmp}/tmpclasses" />
  </target>

  <target name="clean" depends="init">
    <delete dir="${tmp}" />
    <delete file="bin/${projname}.jar" />
    <delete file="bin/*.sh" />
  </target>

  <!-- Setup build directory structure and copy over
       the generic source files -->
  <target name="prepare" depends="clean">
    <mkdir dir="${tmp}" />
    <mkdir dir="${tmpclasses}" />
    <mkdir dir="${tmp}/org" />
    <mkdir dir="${tmp}/src" />

    <copy todir="${tmp}/org">
      <fileset dir="src/generic" />
    </copy>
  </target>

  <!-- Example of preparing for a specific target -->
  <target name="preTarget" depends="prepare">

    <!-- Optional: Copy over the library classes -->
    <unzip dest="${tmpclasses}">
      <fileset dir="lib/targetname">
        <include name="**/*.zip"/>
        <include name="**/*.jar"/>
      </fileset>
    </unzip>
    <delete dir="${tmpclasses}/META-INF" />

    <!-- Optional: Copy over the replaceable
         source modules -->
    <copy todir="${tmp}/org" overwrite="true">
      <fileset dir="src/targetname" />
    </copy>

    <!-- Optional: Copy over the replaceable
         resource files -->
    <copy todir="${tmpclasses}">
      <fileset dir="res/targetname" />
    </copy>
  </target>

  <!-- Compile from the source file -->
  <target name="compile" depends="init">
    <javac srcdir="${tmp}/src" destdir="${tmpclasses}"
           bootclasspath="${midpclasses}"
    >
      <classpath>
        <pathelement path="${tmpclasses}"/>
        <pathelement path="${midpclasses}"/>
      </classpath>
    </javac>
  </target>

  <!-- Package the preverified class
       and resource files -->
  <target name="package" depends="init">
    <wtkpackage jarfile="bin/${projname}.jar"
                jadfile="bin/${projname}.jad"
                basedir="${tmpclasses}"
                manifest="bin/${projname}.MF"
    />
  </target>

  <!-- Smart link and obfuscate the JAR file -->
  <target name="postprocess" depends="init">
    <wtksmartlink jarfile="bin/${projname}.jar"
                  jadfile="bin/${projname}.jad" />

    <wtkobfuscate jarfile="bin/${projname}.jar"
                  jadfile="bin/${projname}.jad"
                  obfuscator="proguard" />
  </target>

  <!-- Preverify from the post-processed JARs -->
  <target name="preverify" depends="init">
    <wtkpreverify jarfile="bin/${projname}.jar"
                  jadfile="bin/${projname}.jad" />
  </target>

  <!-- Example of built for a specific target -->
  <target name="buildTarget" depends="init">
    <antcall target="preTarget" />
    <!-- pre-process -->
    <wtkpreprocess srcdir="${tmp}/org"
                   destdir="${tmp}/src"
                   symbols="S60,DP20" />

    <antcall target="compile" />
    <antcall target="package" />
    <antcall target="postprocess" />
    <antcall target="preverify" />
  </target>

  <!-- Now the real build targets -->

  <!-- The generic build task -->
  <target name="preGeneric" depends="prepare">
    <copy todir="${tmpclasses}">
      <fileset dir="res/generic" />
    </copy>
  </target>
  <target name="buildGeneric" depends="init">
    <antcall target="preGeneric" />
    <wtkpreprocess srcdir="${tmp}/org"
                   destdir="${tmp}/src"
                   symbols="WMA" />
    <antcall target="compile" />
    <antcall target="package" />
    <antcall target="postprocess" />
    <antcall target="preverify" />
  </target>

  <!-- The build task for unit tests -->
  <target name="preUnitTests" depends="prepare">
    <delete dir="${tmpclasses}" />
    <mkdir dir="${tmpclasses}" />
    <unzip dest="${tmpclasses}">
      <fileset dir="lib/UnitTests">
        <include name="**/*.zip"/>
        <include name="**/*.jar"/>
      </fileset>
    </unzip>
    <delete dir="${tmpclasses}/META-INF" />

    <copy todir="${tmp}/org" overwrite="true">
      <fileset dir="src/UnitTests" />
    </copy>

    <copy todir="${tmpclasses}">
      <fileset dir="res/generic" />
    </copy>
  </target>
  <target name="buildUnitTests" depends="init">
    <antcall target="preUnitTests" />
    <wtkpreprocess srcdir="${tmp}/org"
                   destdir="${tmp}/src"
                   symbols="WMA" />
    <antcall target="compile" />
    <antcall target="package" />
    <antcall target="postprocess" />
    <antcall target="preverify" />
  </target>

  <target name="pre6600" depends="prepare">
    <copy todir="${tmp}/org" overwrite="true">
      <fileset dir="src/6600" />
      <fileset dir="src/SafeWait" />
    </copy>
    <copy todir="${tmpclasses}">
      <fileset dir="res/6600" />
    </copy>
  </target>
  <target name="build6600" depends="init">
    <antcall target="pre6600" />
    <wtkpreprocess srcdir="${tmp}/org"
                   destdir="${tmp}/src"
                   symbols="WMA,S60,LargeRMS" />
    <antcall target="compile" />
    <antcall target="package" />
    <antcall target="postprocess" />
    <antcall target="preverify" />
  </target>


  <target name="all" depends="buildGeneric"/>

</project>
