<project name="Trivia" default="all">

  <taskdef resource="antenna.properties"/>
  <property name="wtk.home" value="C:\Java\WTK21\"/>
  <property name="wtk.cldc.version" value="1.1"/>
  <property name="wtk.midp.version" value="2.0"/>
  <property name="wtk.mmapi.enabled" value="true"/>
  <property name="wtk.wma.enabled" value="true"/>
  <property name="wtk.j2mews.enabled" value="false"/>

  <target name="init">
    <tstamp/>
    <property name="projname" value="Trivia" />

    <property name="SDK"
      value="C:/Nokia/Devices/Nokia_S40_DP20_SDK_1_0" />
    <property name="midpclasses"
      value="${SDK}/lib/classes.zip" />

    <property name="tmp" value="temp" />
    <property name="tmpclasses"
      value="${tmp}/tmpclasses" />
  </target>

  <target name="clean" depends="init">
    <delete dir="${tmp}" />
    <delete file="bin/${projname}.jar" />
    <delete file="bin/*.sh" />
  </target>

  <!-- Setup build directory structure and copy over
       the generic source files -->
  <target name="prepare" depends="clean">
    <mkdir dir="${tmp}" />
    <mkdir dir="${tmpclasses}" />
    <mkdir dir="${tmp}/org" />
    <mkdir dir="${tmp}/src" />

    <copy todir="${tmp}/org">
      <fileset dir="src/generic" />
    </copy>
  </target>

  <!-- Compile from the source file -->
  <target name="compile" depends="init">
    <javac srcdir="${tmp}/src" destdir="${tmpclasses}"
           bootclasspath="${midpclasses}"
    >
      <classpath>
        <pathelement path="${tmpclasses}"/>
        <pathelement path="${midpclasses}"/>
      </classpath>
    </javac>
  </target>

  <!-- Package the preverified class
       and resource files -->
  <target name="package" depends="init">
    <wtkpackage jarfile="bin/${projname}.jar"
                jadfile="bin/${projname}.jad"
                basedir="${tmpclasses}"
                manifest="bin/${projname}.MF"
    />
  </target>

  <!-- Smart link and obfuscate the JAR file -->
  <target name="postprocess" depends="init">
    <wtksmartlink jarfile="bin/${projname}.jar"
                  jadfile="bin/${projname}.jad" />

    <wtkobfuscate jarfile="bin/${projname}.jar"
                  jadfile="bin/${projname}.jad"
                  obfuscator="proguard" />
  </target>

  <!-- Preverify from the post-processed JARs -->
  <target name="preverify" depends="init">
    <wtkpreverify jarfile="bin/${projname}.jar"
                  jadfile="bin/${projname}.jad" />
  </target>

  <!-- prepare the generic builds -->
  <target name="preGeneric" depends="prepare">
    <copy todir="${tmpclasses}">
      <fileset dir="res/generic" />
    </copy>
  </target>

  <!-- The debug build using print statements -->
  <target name="buildDebug" depends="init">
    <antcall target="preGeneric" />
    <wtkpreprocess srcdir="${tmp}/org"
                   destdir="${tmp}/src"
                   symbols="WMA,DEBUG" />
    <antcall target="compile" />
    <antcall target="package" />
    <antcall target="postprocess" />
    <antcall target="preverify" />
  </target>

  <!-- The release build -->
  <target name="buildDebug" depends="init">
    <antcall target="preGeneric" />
    <wtkpreprocess srcdir="${tmp}/org"
                   destdir="${tmp}/src"
                   symbols="WMA" />
    <antcall target="compile" />
    <antcall target="package" />
    <antcall target="postprocess" />
    <antcall target="preverify" />
  </target>

  <!-- prepare the MIDPLogger builds -->
  <target name="preMIDPLogger" depends="prepare">
    <copy todir="${tmpclasses}">
      <fileset dir="res/generic" />
    </copy>

    <copy todir="${tmp}/org" overwrite="true">
      <fileset dir="src/MIDPLogger" />
    </copy>
  </target>

  <!-- The debug build using MIDPLogger -->
  <target name="buildMIDPLogger" depends="init">
    <property name="projname" value="TriviaMIDPLogger" />
    <antcall target="preGeneric" />
    <wtkpreprocess srcdir="${tmp}/org"
                   destdir="${tmp}/src"
                   symbols="WMA,DEBUG" />
    <antcall target="compile" />
    <antcall target="package" />
    <antcall target="postprocess" />
    <antcall target="preverify" />
  </target>

  <target name="all" depends="buildDebug"/>

</project>
