<components xmlns="http://jboss.com/products/seam/components"
            xmlns:bpm="http://jboss.com/products/seam/bpm"
            xmlns:core="http://jboss.com/products/seam/core"
            xmlns:xsi="http://www.w3.org/2001/XMLSchema-instance"
            xsi:schemaLocation=
                "http://jboss.com/products/seam/core 
                 http://jboss.com/products/seam/core-2.0.xsd
                 http://jboss.com/products/seam/bpm 
                 http://jboss.com/products/seam/bpm-2.0.xsd
                 http://jboss.com/products/seam/components 
                 http://jboss.com/products/seam/components-2.0.xsd">

  <component name="numberGuess">
    <property name="maxGuesses">10</property>
  </component>

  <core:init
    jndi-pattern="numberguess/#{ejbName}/local"
    debug="true"/>

  <core:manager conversation-timeout="120000"/>

  <bpm:jbpm>
    <bpm:pageflow-definitions>
      <value>cheat.jpdl.xml</value>
      <value>pageflow.jpdl.xml</value>
    </bpm:pageflow-definitions>
  </bpm:jbpm>

</components>
